{ "HQ_CAMERA": {
  "cameraMatrix": [
    [
      5170.73738,
      0,
      2866.84263
    ],
    [
      0,
      4307.52724,
      1131.25773
    ],
    [
      0,
      0,
      1
    ]
  ],
  "distCoeff": [
    [
      -0.85745244,
      0.05168725,
      0.10194636,
      -0.10056902,
      -0.04326248
    ]
  ],
  "rvecs": [
    [
      -0.95357458
    ],
    [
      -0.23090414
    ],
    [
      -0.14895711
    ]
  ],
  "tvecs": [
    [
      -3.69480464
    ],
    [
      -0.12774038
    ],
    [
      8.80394152
    ]
  ],
  "originalPoints": [
    [
      242,
      608
    ],
    [
      1185,
      576
    ],
    [
      168,
      969
    ],
    [
      1323,
      886
    ]
  ],
  "destinationPoints": [
    [
      242,
      608
    ],
    [
      1185,
      608
    ],
    [
      242,
      969
    ],
    [
      1185,
      969
    ]
  ]
}
}